sample_id,Pair_ID,year,month,sid_1,name_1,sid_2,name_2,qualifying_start,qualifying_end,qualifying_duration_hours,qualifying_record_count,n_qualifying_segments,full_start,full_end,full_duration_hours,full_record_count,maximum_member_1_kt,maximum_member_2_kt,intense
1,1945_1945229N15137_1945234N22131,1945,8,1945229N15137,SUSAN,1945234N22131,RUTH,1945-08-23 00:00:00+00:00,1945-08-28 00:00:00+00:00,120.0,21,1,1945-08-23 00:00:00+00:00,1945-08-28 00:00:00+00:00,120.0,21,80.0,70.0,False
2,1945_1945229N15137_1945236N19116,1945,8,1945229N15137,SUSAN,1945236N19116,TESS,1945-08-23 12:00:00+00:00,1945-08-24 18:00:00+00:00,30.0,6,1,1945-08-23 12:00:00+00:00,1945-08-25 06:00:00+00:00,42.0,8,75.0,70.0,False
3,1947_1947254N17143_1947257N25154,1947,9,1947254N17143,KATHLEEN,1947257N25154,LAURA,1947-09-14 00:00:00+00:00,1947-09-15 18:00:00+00:00,42.0,8,1,1947-09-14 00:00:00+00:00,1947-09-15 18:00:00+00:00,42.0,8,90.0,90.0,False
4,1947_1947286N11152_1947290N15141,1947,10,1947286N11152,ALICE,1947290N15141,BEATRICE,1947-10-19 00:00:00+00:00,1947-10-20 18:00:00+00:00,42.0,8,1,1947-10-19 00:00:00+00:00,1947-10-21 00:00:00+00:00,48.0,9,110.0,45.0,False
5,1947_1947316N09141_1947321N07145,1947,11,1947316N09141,FLORA,1947321N07145,GLADYS,1947-11-18 06:00:00+00:00,1947-11-19 12:00:00+00:00,30.0,6,1,1947-11-18 06:00:00+00:00,1947-11-19 12:00:00+00:00,30.0,6,60.0,75.0,False
6,1948_1948221N19142_1948223N18155,1948,8,1948221N19142,CHRIS,1948223N18155,DOLORES,1948-08-10 12:00:00+00:00,1948-08-12 18:00:00+00:00,54.0,10,1,1948-08-10 12:00:00+00:00,1948-08-14 00:00:00+00:00,84.0,15,50.0,45.0,False
7,1948_1948255N14155_1948255N17137,1948,9,1948255N14155,IONE,1948255N17137,JACKIE,1948-09-12 00:00:00+00:00,1948-09-16 00:00:00+00:00,96.0,17,1,1948-09-12 00:00:00+00:00,1948-09-17 00:00:00+00:00,120.0,21,120.0,80.0,True
8,1948_1948273N24144_1948278N25157,1948,10,1948273N24144,LIBBY,1948278N25157,MARTHA,1948-10-05 18:00:00+00:00,1948-10-07 00:00:00+00:00,30.0,6,1,1948-10-05 18:00:00+00:00,1948-10-07 00:00:00+00:00,30.0,6,70.0,90.0,False
9,1949_1949199N11139_1949200N12156,1949,7,1949199N11139,GLORIA,1949200N12156,HESTER,1949-07-21 12:00:00+00:00,1949-07-22 12:00:00+00:00,24.0,5,1,1949-07-21 12:00:00+00:00,1949-07-25 12:00:00+00:00,96.0,17,110.0,110.0,False
10,1949_1949243N17145_1949245N20152,1949,9,1949243N17145,LISE,1949245N20152,MADELINE,1949-09-02 00:00:00+00:00,1949-09-04 18:00:00+00:00,66.0,12,1,1949-09-02 00:00:00+00:00,1949-09-04 18:00:00+00:00,66.0,12,120.0,75.0,True
11,1950_1950195N17139_1950196N21144,1950,7,1950195N17139,GRACE,1950196N21144,FLOSSIE:GRACE,1950-07-16 12:00:00+00:00,1950-07-18 06:00:00+00:00,42.0,8,1,1950-07-16 12:00:00+00:00,1950-07-18 06:00:00+00:00,42.0,8,70.0,60.0,False
12,1950_1950255N14153_1950256N14137,1950,9,1950255N14153,LUCRETIA:NANCY,1950256N14137,MISSATHA,1950-09-18 00:00:00+00:00,1950-09-19 06:00:00+00:00,30.0,6,1,1950-09-18 00:00:00+00:00,1950-09-19 06:00:00+00:00,30.0,6,55.0,55.0,False
13,1950_1950305N12145_1950308N13151,1950,11,1950305N12145,CLARA,1950308N13151,BILLIE,1950-11-06 00:00:00+00:00,1950-11-07 06:00:00+00:00,30.0,6,1,1950-11-06 00:00:00+00:00,1950-11-09 00:00:00+00:00,72.0,13,125.0,75.0,True
14,1951_1951119N06145_1951124N04167,1951,5,1951119N06145,IRIS,1951124N04167,JOAN,1951-05-11 00:00:00+00:00,1951-05-12 06:00:00+00:00,30.0,6,1,1951-05-11 00:00:00+00:00,1951-05-12 12:00:00+00:00,36.0,7,70.0,40.0,False
15,1951_1951337N09150_1951344N09143,1951,12,1951337N09150,AMY,1951344N09143,BABS,1951-12-12 00:00:00+00:00,1951-12-14 12:00:00+00:00,60.0,11,1,1951-12-12 00:00:00+00:00,1951-12-17 06:00:00+00:00,126.0,22,100.0,100.0,False
16,1953_1953205N17158_1953211N19130,1953,7,1953205N17158,LOLA,1953211N19130,MAMIE,1953-07-31 06:00:00+00:00,1953-08-02 12:00:00+00:00,54.0,10,1,1953-07-31 06:00:00+00:00,1953-08-03 00:00:00+00:00,66.0,12,70.0,100.0,False
17,1953_1953235N10162_1953235N14148,1953,8,1953235N10162,RITA,1953235N14148,UNNAMED,1953-08-26 12:00:00+00:00,1953-08-29 12:00:00+00:00,72.0,13,1,1953-08-26 12:00:00+00:00,1953-08-29 12:00:00+00:00,72.0,13,125.0,55.0,True
18,1954_1954223N22138_1954223N22150,1954,8,1954223N22138,GRACE,1954223N22150,HELEN,1954-08-11 18:00:00+00:00,1954-08-15 00:00:00+00:00,78.0,14,1,1954-08-11 18:00:00+00:00,1954-08-17 00:00:00+00:00,126.0,22,100.0,70.0,False
19,1954_1954240N13151_1954247N19152,1954,9,1954240N13151,KATHY,1954247N19152,JUNE,1954-09-04 06:00:00+00:00,1954-09-07 00:00:00+00:00,66.0,12,1,1954-09-04 06:00:00+00:00,1954-09-08 18:00:00+00:00,108.0,19,90.0,130.0,True
20,1955_1955186N10147_1955194N18138,1955,7,1955186N10147,CLARA,1955194N18138,DOT,1955-07-14 06:00:00+00:00,1955-07-15 12:00:00+00:00,30.0,6,1,1955-07-14 06:00:00+00:00,1955-07-15 12:00:00+00:00,30.0,6,70.0,55.0,False
21,1955_1955196N23153_1955198N23137,1955,7,1955196N23153,ELLEN,1955198N23137,UNNAMED,1955-07-18 00:00:00+00:00,1955-07-20 00:00:00+00:00,48.0,9,1,1955-07-18 00:00:00+00:00,1955-07-20 00:00:00+00:00,48.0,9,70.0,50.0,False
22,1955_1955196N23153_1955199N20131,1955,7,1955196N23153,ELLEN,1955199N20131,FRAN,1955-07-18 06:00:00+00:00,1955-07-20 18:00:00+00:00,60.0,11,1,1955-07-18 06:00:00+00:00,1955-07-21 12:00:00+00:00,78.0,14,70.0,120.0,True
23,1955_1955198N23137_1955199N20131,1955,7,1955198N23137,UNNAMED,1955199N20131,FRAN,1955-07-18 06:00:00+00:00,1955-07-20 00:00:00+00:00,42.0,8,1,1955-07-18 06:00:00+00:00,1955-07-20 00:00:00+00:00,42.0,8,50.0,120.0,True
24,1956_1956261N12129_1956263N15142,1956,9,1956261N12129,GILDA,1956263N15142,HARRIET,1956-09-22 00:00:00+00:00,1956-09-23 06:00:00+00:00,30.0,6,1,1956-09-22 00:00:00+00:00,1956-09-24 12:00:00+00:00,60.0,11,130.0,85.0,True
25,1957_1957261N10147_1957261N12135,1957,9,1957261N10147,FAYE,1957261N12135,GLORIA,1957-09-19 12:00:00+00:00,1957-09-22 00:00:00+00:00,60.0,11,1,1957-09-19 12:00:00+00:00,1957-09-22 00:00:00+00:00,60.0,11,140.0,90.0,True
26,1958_1958192N16135_1958194N20115,1958,7,1958192N16135,WINNIE,1958194N20115,BETTY,1958-07-14 12:00:00+00:00,1958-07-16 06:00:00+00:00,42.0,8,1,1958-07-14 12:00:00+00:00,1958-07-16 06:00:00+00:00,42.0,8,150.0,60.0,True
27,1958_1958295N10149_1958297N12161,1958,11,1958295N10149,LORNA,1958297N12161,MARIE,1958-11-01 00:00:00+00:00,1958-11-03 00:00:00+00:00,48.0,9,1,1958-11-01 00:00:00+00:00,1958-11-03 00:00:00+00:00,48.0,9,110.0,120.0,True
28,1959_1959281N09143_1959286N07168,1959,10,1959281N09143,CHARLOTTE,1959286N07168,DINAH,1959-10-17 06:00:00+00:00,1959-10-18 12:00:00+00:00,30.0,6,1,1959-10-17 06:00:00+00:00,1959-10-19 18:00:00+00:00,60.0,11,80.0,150.0,True
29,1960_1960220N18140_1960223N23136,1960,8,1960220N18140,VIRGINIA,1960223N23136,WENDY,1960-08-10 12:00:00+00:00,1960-08-12 06:00:00+00:00,42.0,8,1,1960-08-10 12:00:00+00:00,1960-08-13 00:00:00+00:00,60.0,11,80.0,75.0,False
30,1960_1960223N21127_1960223N23136,1960,8,1960223N21127,AGNES,1960223N23136,WENDY,1960-08-12 00:00:00+00:00,1960-08-13 00:00:00+00:00,24.0,5,1,1960-08-12 00:00:00+00:00,1960-08-13 06:00:00+00:00,30.0,6,50.0,75.0,False
31,1960_1960227N21144_1960227N23126,1960,8,1960227N21144,BESS,1960227N23126,CARMEN,1960-08-17 18:00:00+00:00,1960-08-20 18:00:00+00:00,72.0,13,1,1960-08-17 18:00:00+00:00,1960-08-24 00:00:00+00:00,150.0,26,65.0,75.0,False
32,1960_1960227N23126_1960231N22117,1960,8,1960227N23126,CARMEN,1960231N22117,ELAINE,1960-08-19 18:00:00+00:00,1960-08-23 00:00:00+00:00,78.0,14,1,1960-08-19 18:00:00+00:00,1960-08-24 00:00:00+00:00,102.0,18,70.0,75.0,False
33,1960_1960227N23126_1960230N13155,1960,8,1960227N23126,CARMEN,1960230N13155,DELLA,1960-08-20 18:00:00+00:00,1960-08-22 06:00:00+00:00,36.0,7,1,1960-08-20 18:00:00+00:00,1960-08-24 00:00:00+00:00,78.0,14,60.0,80.0,False
34,1960_1960230N13155_1960231N22117,1960,8,1960230N13155,DELLA,1960231N22117,ELAINE,1960-08-22 00:00:00+00:00,1960-08-24 00:00:00+00:00,48.0,9,1,1960-08-22 00:00:00+00:00,1960-08-25 06:00:00+00:00,78.0,14,80.0,75.0,False
35,1960_1960227N21144_1960235N10159,1960,8,1960227N21144,BESS,1960235N10159,FAYE,1960-08-23 00:00:00+00:00,1960-08-25 00:00:00+00:00,48.0,9,1,1960-08-23 00:00:00+00:00,1960-08-25 12:00:00+00:00,60.0,11,65.0,70.0,False
36,1960_1960230N13155_1960235N10159,1960,8,1960230N13155,DELLA,1960235N10159,FAYE,1960-08-27 12:00:00+00:00,1960-08-31 00:00:00+00:00,84.0,15,1,1960-08-27 12:00:00+00:00,1960-08-31 00:00:00+00:00,84.0,15,95.0,125.0,True
37,1960_1960273N10142_1960282N21132,1960,10,1960273N10142,KIT,1960282N21132,LOLA,1960-10-08 12:00:00+00:00,1960-10-13 00:00:00+00:00,108.0,19,1,1960-10-08 12:00:00+00:00,1960-10-13 18:00:00+00:00,126.0,22,90.0,80.0,False
38,1961_1961204N12147_1961207N20143,1961,7,1961204N12147,HELEN,1961207N20143,IDA,1961-07-28 06:00:00+00:00,1961-07-31 00:00:00+00:00,66.0,12,1,1961-07-28 06:00:00+00:00,1961-07-31 18:00:00+00:00,84.0,15,90.0,80.0,False
39,1962_1962224N11151_1962226N22128,1962,8,1962224N11151,RUTH,1962226N22128,SARAH,1962-08-18 06:00:00+00:00,1962-08-21 18:00:00+00:00,84.0,15,1,1962-08-18 06:00:00+00:00,1962-08-22 18:00:00+00:00,108.0,19,95.0,70.0,False
40,1962_1962232N17149_1962236N20131,1962,8,1962232N17149,THELMA,1962236N20131,VERA,1962-08-25 06:00:00+00:00,1962-08-26 18:00:00+00:00,36.0,7,1,1962-08-25 06:00:00+00:00,1962-08-27 06:00:00+00:00,48.0,9,115.0,70.0,True
41,1962_1962272N10161_1962274N16158,1962,10,1962272N10161,EMMA,1962274N16158,FREDA,1962-10-06 06:00:00+00:00,1962-10-09 00:00:00+00:00,66.0,12,1,1962-10-06 06:00:00+00:00,1962-10-10 18:00:00+00:00,108.0,19,120.0,100.0,True
42,1962_1962292N11139_1962300N12140,1962,10,1962292N11139,GILDA,1962300N12140,IVY,1962-10-28 06:00:00+00:00,1962-10-29 18:00:00+00:00,36.0,7,1,1962-10-28 06:00:00+00:00,1962-10-29 18:00:00+00:00,36.0,7,105.0,100.0,False
43,1963_1963279N07165_1963287N19164,1963,10,1963279N07165,LOLA,1963287N19164,MAMIE,1963-10-15 06:00:00+00:00,1963-10-18 06:00:00+00:00,72.0,13,1,1963-10-15 06:00:00+00:00,1963-10-18 12:00:00+00:00,78.0,14,130.0,100.0,True
44,1964_1964206N18128_1964208N17142,1964,7,1964206N18128,FLOSSIE,1964208N17142,GRACE,1964-07-27 00:00:00+00:00,1964-07-29 00:00:00+00:00,48.0,9,1,1964-07-27 00:00:00+00:00,1964-07-29 12:00:00+00:00,60.0,11,80.0,50.0,False
45,1964_1964224N25161_1964225N18128,1964,8,1964224N25161,KATHY,1964225N18128,MARIE,1964-08-16 00:00:00+00:00,1964-08-18 06:00:00+00:00,54.0,10,1,1964-08-16 00:00:00+00:00,1964-08-18 18:00:00+00:00,66.0,12,115.0,70.0,True
46,1964_1964256N17141_1964257N13118,1964,9,1964256N17141,TILDA,1964257N13118,VIOLET,1964-09-14 06:00:00+00:00,1964-09-15 06:00:00+00:00,24.0,5,1,1964-09-14 06:00:00+00:00,1964-09-15 12:00:00+00:00,30.0,6,90.0,75.0,False
47,1965_1965149N18113_1965150N18109,1965,6,1965149N18113,CARLA,1965150N18109,BABE,1965-06-01 06:00:00+00:00,1965-06-02 12:00:00+00:00,30.0,6,1,1965-06-01 06:00:00+00:00,1965-06-03 06:00:00+00:00,48.0,9,120.0,70.0,True
48,1965_1965205N07163_1965214N24139,1965,8,1965205N07163,JEAN,1965214N24139,KIM,1965-08-04 12:00:00+00:00,1965-08-07 00:00:00+00:00,60.0,11,1,1965-08-04 12:00:00+00:00,1965-08-07 00:00:00+00:00,60.0,11,140.0,60.0,True
49,1965_1965226N17116_1965226N20139,1965,8,1965226N17116,NADINE,1965226N20139,MARY,1965-08-17 00:00:00+00:00,1965-08-18 12:00:00+00:00,36.0,7,1,1965-08-17 00:00:00+00:00,1965-08-19 00:00:00+00:00,48.0,9,60.0,150.0,True
50,1965_1965241N19118_1965242N15139,1965,9,1965241N19118,POLLY,1965242N15139,ROSE,1965-09-01 06:00:00+00:00,1965-09-02 06:00:00+00:00,24.0,5,1,1965-09-01 06:00:00+00:00,1965-09-02 12:00:00+00:00,30.0,6,45.0,100.0,False
51,1965_1965251N11143_1965256N13149,1965,9,1965251N11143,TRIX,1965256N13149,VIRGINIA,1965-09-13 06:00:00+00:00,1965-09-16 12:00:00+00:00,78.0,14,1,1965-09-13 06:00:00+00:00,1965-09-17 00:00:00+00:00,90.0,16,130.0,65.0,True
52,1966_1966222N25140_1966223N16118,1966,8,1966222N25140,TESS,1966223N16118,SUSAN,1966-08-13 12:00:00+00:00,1966-08-16 06:00:00+00:00,66.0,12,1,1966-08-13 12:00:00+00:00,1966-08-17 00:00:00+00:00,84.0,15,90.0,80.0,False
53,1966_1966230N18149_1966230N27132,1966,8,1966230N18149,VIOLA,1966230N27132,WINNIE,1966-08-20 12:00:00+00:00,1966-08-22 00:00:00+00:00,36.0,7,1,1966-08-20 12:00:00+00:00,1966-08-22 18:00:00+00:00,54.0,10,90.0,60.0,False
54,1966_1966234N18169_1966236N13144,1966,8,1966234N18169,BETTY,1966236N13144,ALICE,1966-08-29 12:00:00+00:00,1966-08-30 12:00:00+00:00,24.0,5,1,1966-08-29 12:00:00+00:00,1966-08-30 18:00:00+00:00,30.0,6,60.0,100.0,False
55,1966_1966236N13144_1966241N17147,1966,8,1966236N13144,ALICE,1966241N17147,CORA,1966-08-31 00:00:00+00:00,1966-09-04 00:00:00+00:00,96.0,17,1,1966-08-31 00:00:00+00:00,1966-09-04 06:00:00+00:00,102.0,18,130.0,130.0,True
56,1966_1966252N16151_1966254N17160,1966,9,1966252N16151,FLOSSIE,1966254N17160,GRACE,1966-09-14 18:00:00+00:00,1966-09-16 12:00:00+00:00,42.0,8,1,1966-09-14 18:00:00+00:00,1966-09-17 00:00:00+00:00,54.0,10,75.0,60.0,False
57,1966_1966261N13158_1966262N11160,1966,9,1966261N13158,IDA,1966262N11160,JUNE,1966-09-22 12:00:00+00:00,1966-09-24 12:00:00+00:00,48.0,9,1,1966-09-22 12:00:00+00:00,1966-09-26 00:00:00+00:00,84.0,15,100.0,60.0,False
58,1966_1966259N15142_1966261N13158,1966,9,1966259N15142,HELEN,1966261N13158,IDA,1966-09-23 00:00:00+00:00,1966-09-24 12:00:00+00:00,36.0,7,1,1966-09-23 00:00:00+00:00,1966-09-24 18:00:00+00:00,42.0,8,60.0,100.0,False
59,1966_1966321N09138_1966325N08140,1966,11,1966321N09138,NANCY,1966325N08140,OLGA,1966-11-23 06:00:00+00:00,1966-11-24 12:00:00+00:00,30.0,6,1,1966-11-23 06:00:00+00:00,1966-11-25 06:00:00+00:00,48.0,9,50.0,45.0,False
60,1967_1967181N09148_1967183N20155,1967,7,1967181N09148,BILLIE,1967183N20155,CLARA,1967-07-06 06:00:00+00:00,1967-07-07 12:00:00+00:00,30.0,6,1,1967-07-06 06:00:00+00:00,1967-07-08 00:00:00+00:00,42.0,8,70.0,65.0,False
61,1967_1967206N15153_1967209N17139,1967,8,1967206N15153,ELLEN,1967209N17139,GEORGIA,1967-08-01 18:00:00+00:00,1967-08-03 06:00:00+00:00,36.0,7,1,1967-08-01 18:00:00+00:00,1967-08-03 12:00:00+00:00,42.0,8,50.0,60.0,False
62,1967_1967235N18144_1967237N15140,1967,8,1967235N18144,MARGE,1967237N15140,NORA,1967-08-27 18:00:00+00:00,1967-08-29 00:00:00+00:00,30.0,6,1,1967-08-27 18:00:00+00:00,1967-08-29 00:00:00+00:00,30.0,6,95.0,70.0,False
63,1967_1967248N23168_1967253N29167,1967,9,1967248N23168,RUTH,1967253N29167,THELMA,1967-09-10 12:00:00+00:00,1967-09-12 12:00:00+00:00,48.0,9,1,1967-09-10 12:00:00+00:00,1967-09-12 12:00:00+00:00,48.0,9,110.0,50.0,False
64,1967_1967241N15170_1967253N29167,1967,9,1967241N15170,OPAL,1967253N29167,THELMA,1967-09-11 12:00:00+00:00,1967-09-12 12:00:00+00:00,24.0,5,1,1967-09-11 12:00:00+00:00,1967-09-12 12:00:00+00:00,24.0,5,90.0,50.0,False
65,1967_1967241N15170_1967248N23168,1967,9,1967241N15170,OPAL,1967248N23168,RUTH,1967-09-12 12:00:00+00:00,1967-09-14 06:00:00+00:00,42.0,8,1,1967-09-12 12:00:00+00:00,1967-09-14 12:00:00+00:00,48.0,9,85.0,100.0,False
66,1967_1967252N11211_1967259N17145,1967,9,1967252N11211,SARAH,1967259N17145,WANDA,1967-09-18 06:00:00+00:00,1967-09-22 06:00:00+00:00,96.0,17,1,1967-09-18 06:00:00+00:00,1967-09-23 00:00:00+00:00,114.0,20,100.0,95.0,False
67,1968_1968201N13152_1968202N19133,1968,7,1968201N13152,MARY,1968202N19133,NADINE,1968-07-22 18:00:00+00:00,1968-07-25 18:00:00+00:00,72.0,13,1,1968-07-22 18:00:00+00:00,1968-07-28 18:00:00+00:00,144.0,25,130.0,60.0,True
68,1968_1968202N19133_1968203N18119,1968,7,1968202N19133,NADINE,1968203N18119,OLIVE,1968-07-24 18:00:00+00:00,1968-07-25 18:00:00+00:00,24.0,5,1,1968-07-24 18:00:00+00:00,1968-07-25 18:00:00+00:00,24.0,5,60.0,45.0,False
69,1968_1968240N11173_1968240N15151,1968,8,1968240N11173,AGNES,1968240N15151,WENDY,1968-08-30 18:00:00+00:00,1968-09-06 00:00:00+00:00,150.0,26,1,1968-08-30 18:00:00+00:00,1968-09-09 06:00:00+00:00,228.0,39,150.0,140.0,True
70,1968_1968240N15151_1968243N23120,1968,9,1968240N15151,WENDY,1968243N23120,BESS,1968-09-02 18:00:00+00:00,1968-09-05 18:00:00+00:00,72.0,13,1,1968-09-02 18:00:00+00:00,1968-09-06 00:00:00+00:00,78.0,14,95.0,65.0,False
71,1968_1968256N16148_1968259N16152,1968,9,1968256N16148,DELLA,1968259N16152,CARMEN,1968-09-17 18:00:00+00:00,1968-09-21 00:00:00+00:00,78.0,14,1,1968-09-17 18:00:00+00:00,1968-09-24 00:00:00+00:00,150.0,26,120.0,110.0,True
72,1968_1968286N07142_1968292N09165,1968,10,1968286N07142,GLORIA,1968292N09165,IRMA,1968-10-22 00:00:00+00:00,1968-10-24 00:00:00+00:00,48.0,9,1,1968-10-22 00:00:00+00:00,1968-10-24 00:00:00+00:00,48.0,9,50.0,80.0,False
73,1968_1968295N09169_1968300N10166,1968,11,1968295N09169,JUDY,1968300N10166,KIT,1968-11-01 06:00:00+00:00,1968-11-02 06:00:00+00:00,24.0,5,1,1968-11-01 06:00:00+00:00,1968-11-02 06:00:00+00:00,24.0,5,45.0,55.0,False
74,1968_1968320N07168_1968325N05168,1968,11,1968320N07168,NINA,1968325N05168,ORA,1968-11-22 18:00:00+00:00,1968-11-24 12:00:00+00:00,42.0,8,1,1968-11-22 18:00:00+00:00,1968-11-28 00:00:00+00:00,126.0,22,70.0,120.0,True
75,1970_1970177N07142_1970178N07153,1970,6,1970177N07142,PAMELA,1970178N07153,OLGA,1970-06-29 06:00:00+00:00,1970-06-30 06:00:00+00:00,24.0,5,1,1970-06-29 06:00:00+00:00,1970-06-30 12:00:00+00:00,30.0,6,50.0,95.0,False
76,1970_1970233N15138_1970237N28154,1970,8,1970233N15138,BILLIE,1970237N28154,CLARA,1970-08-26 06:00:00+00:00,1970-08-29 12:00:00+00:00,78.0,14,1,1970-08-26 06:00:00+00:00,1970-08-31 12:00:00+00:00,126.0,22,110.0,85.0,False
77,1970_1970245N19131_1970246N14142,1970,9,1970245N19131,FRAN,1970246N14142,ELLEN,1970-09-04 12:00:00+00:00,1970-09-05 18:00:00+00:00,30.0,6,1,1970-09-04 12:00:00+00:00,1970-09-06 00:00:00+00:00,36.0,7,50.0,45.0,False
78,1972_1972148N07168_1972152N09146,1972,6,1972148N07168,LOLA,1972152N09146,NINA,1972-06-03 18:00:00+00:00,1972-06-04 18:00:00+00:00,24.0,5,1,1972-06-03 18:00:00+00:00,1972-06-07 00:00:00+00:00,78.0,14,70.0,45.0,False
79,1972_1972187N08161_1972187N09150,1972,7,1972187N08161,PHYLLIS,1972187N09150,RITA,1972-07-07 00:00:00+00:00,1972-07-15 18:00:00+00:00,138.0,25,2,1972-07-07 00:00:00+00:00,1972-07-22 12:00:00+00:00,372.0,63,120.0,145.0,True
80,1972_1972187N08161_1972189N11171,1972,7,1972187N08161,PHYLLIS,1972189N11171,TESS,1972-07-07 00:00:00+00:00,1972-07-12 12:00:00+00:00,132.0,23,1,1972-07-07 00:00:00+00:00,1972-07-22 12:00:00+00:00,372.0,63,120.0,125.0,True
81,1972_1972187N09150_1972187N11126,1972,7,1972187N09150,RITA,1972187N11126,SUSAN,1972-07-11 12:00:00+00:00,1972-07-13 00:00:00+00:00,36.0,7,1,1972-07-11 12:00:00+00:00,1972-07-16 12:00:00+00:00,120.0,21,145.0,60.0,True
82,1972_1972187N09150_1972189N11171,1972,7,1972187N09150,RITA,1972189N11171,TESS,1972-07-17 06:00:00+00:00,1972-07-24 00:00:00+00:00,162.0,28,1,1972-07-17 06:00:00+00:00,1972-07-25 00:00:00+00:00,186.0,32,95.0,95.0,False
83,1972_1972251N12137_1972255N15130,1972,9,1972251N12137,FLOSSIE,1972255N15130,GRACE,1972-09-12 00:00:00+00:00,1972-09-14 06:00:00+00:00,54.0,10,1,1972-09-12 00:00:00+00:00,1972-09-18 12:00:00+00:00,156.0,27,75.0,50.0,False
84,1972_1972254N14145_1972255N15130,1972,9,1972254N14145,HELEN,1972255N15130,GRACE,1972-09-13 06:00:00+00:00,1972-09-14 06:00:00+00:00,24.0,5,1,1972-09-13 06:00:00+00:00,1972-09-20 00:00:00+00:00,162.0,28,100.0,45.0,False
85,1973_1973192N10129_1973193N13111,1973,7,1973192N10129,BILLIE,1973193N13111,DOT,1973-07-14 06:00:00+00:00,1973-07-17 06:00:00+00:00,72.0,13,1,1973-07-14 06:00:00+00:00,1973-07-20 06:00:00+00:00,144.0,25,130.0,85.0,True
86,1973_1973274N10136_1973277N11114,1973,10,1973274N10136,NORA,1973277N11114,OPAL,1973-10-05 18:00:00+00:00,1973-10-08 12:00:00+00:00,66.0,12,1,1973-10-05 18:00:00+00:00,1973-10-09 12:00:00+00:00,90.0,16,160.0,75.0,True
87,1973_1973274N10136_1973278N13144,1973,10,1973274N10136,NORA,1973278N13144,PATSY,1973-10-09 06:00:00+00:00,1973-10-10 06:00:00+00:00,24.0,5,1,1973-10-09 06:00:00+00:00,1973-10-11 00:00:00+00:00,42.0,8,70.0,140.0,True
88,1974_1974196N16133_1974197N11147,1974,7,1974196N16133,JEAN,1974197N11147,IVY,1974-07-17 18:00:00+00:00,1974-07-19 12:00:00+00:00,42.0,8,1,1974-07-17 18:00:00+00:00,1974-07-21 00:00:00+00:00,78.0,14,45.0,90.0,False
89,1974_1974222N15149_1974227N17126,1974,8,1974222N15149,MARY,1974227N17126,NADINE,1974-08-15 06:00:00+00:00,1974-08-17 12:00:00+00:00,54.0,10,1,1974-08-15 06:00:00+00:00,1974-08-18 06:00:00+00:00,72.0,13,70.0,50.0,False
90,1974_1974236N18154_1974237N21117,1974,8,1974236N18154,POLLY,1974237N21117,ROSE,1974-08-28 12:00:00+00:00,1974-08-31 00:00:00+00:00,60.0,11,1,1974-08-28 12:00:00+00:00,1974-09-01 00:00:00+00:00,84.0,15,95.0,50.0,False
91,1975_1975244N17153_1975251N23162,1975,9,1975244N17153,TESS,1975251N23162,WINNIE,1975-09-09 00:00:00+00:00,1975-09-10 12:00:00+00:00,36.0,7,1,1975-09-09 00:00:00+00:00,1975-09-10 18:00:00+00:00,42.0,8,60.0,65.0,False
92,1976_1976172N11141_1976176N09148,1976,6,1976172N11141,RUBY,1976176N09148,SALLY,1976-06-27 06:00:00+00:00,1976-06-30 18:00:00+00:00,84.0,15,1,1976-06-27 06:00:00+00:00,1976-07-05 06:00:00+00:00,192.0,33,120.0,115.0,True
93,1976_1976199N08149_1976202N15127,1976,7,1976199N08149,WILDA,1976202N15127,ANITA,1976-07-22 18:00:00+00:00,1976-07-23 18:00:00+00:00,24.0,5,1,1976-07-22 18:00:00+00:00,1976-07-24 12:00:00+00:00,42.0,8,45.0,65.0,False
94,1976_1976230N18143_1976233N13136,1976,8,1976230N18143,DOT,1976233N13136,ELLEN,1976-08-21 00:00:00+00:00,1976-08-22 06:00:00+00:00,30.0,6,1,1976-08-21 00:00:00+00:00,1976-08-24 00:00:00+00:00,72.0,13,40.0,45.0,False
95,1978_1978203N14152_1978203N18139,1978,7,1978203N14152,VIRGINIA,1978203N18139,WENDY,1978-07-25 00:00:00+00:00,1978-08-02 06:00:00+00:00,126.0,23,2,1978-07-25 00:00:00+00:00,1978-08-02 18:00:00+00:00,210.0,36,70.0,80.0,False
96,1978_1978203N18114_1978203N18139,1978,7,1978203N18114,AGNES,1978203N18139,WENDY,1978-07-28 12:00:00+00:00,1978-07-30 00:00:00+00:00,36.0,7,1,1978-07-28 12:00:00+00:00,1978-07-30 06:00:00+00:00,42.0,8,45.0,75.0,False
97,1978_1978237N06160_1978240N27151,1978,8,1978237N06160,FAYE,1978240N27151,HESTER,1978-08-29 18:00:00+00:00,1978-08-30 18:00:00+00:00,24.0,5,1,1978-08-29 18:00:00+00:00,1978-09-01 00:00:00+00:00,54.0,10,60.0,50.0,False
98,1978_1978279N14142_1978281N11138,1978,10,1978279N14142,NINA,1978281N11138,ORA,1978-10-10 00:00:00+00:00,1978-10-14 12:00:00+00:00,108.0,19,1,1978-10-10 00:00:00+00:00,1978-10-15 00:00:00+00:00,120.0,21,60.0,85.0,False
99,1978_1978287N08166_1978288N10185,1978,10,1978287N08166,PHYLLIS,1978288N10185,RITA,1978-10-19 18:00:00+00:00,1978-10-20 18:00:00+00:00,24.0,5,1,1978-10-19 18:00:00+00:00,1978-10-22 06:00:00+00:00,60.0,11,95.0,120.0,True
100,1979_1979254N10140_1979258N10120,1979,9,1979254N10140,MAC,1979258N10120,NANCY,1979-09-19 06:00:00+00:00,1979-09-20 12:00:00+00:00,30.0,6,1,1979-09-19 06:00:00+00:00,1979-09-22 12:00:00+00:00,78.0,14,40.0,45.0,False
101,1979_1979262N15149_1979266N18150,1979,9,1979262N15149,OWEN,1979266N18150,PAMELA,1979-09-25 00:00:00+00:00,1979-09-26 00:00:00+00:00,24.0,5,1,1979-09-25 00:00:00+00:00,1979-09-26 18:00:00+00:00,42.0,8,110.0,45.0,False
102,1980_1980126N08150_1980133N07149,1980,5,1980126N08150,DOM,1980133N07149,ELLEN,1980-05-17 12:00:00+00:00,1980-05-18 12:00:00+00:00,24.0,5,1,1980-05-17 12:00:00+00:00,1980-05-20 00:00:00+00:00,60.0,11,55.0,110.0,False
103,1980_1980256N10154_1980257N17133,1980,9,1980256N10154,SPERRY,1980257N17133,PERCY,1980-09-15 18:00:00+00:00,1980-09-17 18:00:00+00:00,48.0,9,1,1980-09-15 18:00:00+00:00,1980-09-19 12:00:00+00:00,90.0,16,65.0,125.0,True
104,1981_1981176N08150_1981178N05160,1981,7,1981176N08150,KELLY,1981178N05160,LYNN,1981-07-03 00:00:00+00:00,1981-07-04 18:00:00+00:00,42.0,8,1,1981-07-03 00:00:00+00:00,1981-07-05 00:00:00+00:00,48.0,9,75.0,50.0,False
105,1982_1982202N11165_1982202N12148,1982,7,1982202N11165,BESS,1982202N12148,ANDY,1982-07-23 12:00:00+00:00,1982-07-25 18:00:00+00:00,54.0,10,1,1982-07-23 12:00:00+00:00,1982-07-30 00:00:00+00:00,156.0,27,140.0,120.0,True
106,1982_1982213N13145_1982220N08154,1982,8,1982213N13145,CECIL,1982220N08154,DOT,1982-08-11 18:00:00+00:00,1982-08-14 00:00:00+00:00,54.0,10,1,1982-08-11 18:00:00+00:00,1982-08-14 18:00:00+00:00,72.0,13,55.0,75.0,False
107,1982_1982227N09140_1982229N09154,1982,8,1982227N09140,FAYE,1982229N09154,ELLIS,1982-08-24 00:00:00+00:00,1982-08-26 18:00:00+00:00,66.0,12,1,1982-08-24 00:00:00+00:00,1982-08-27 12:00:00+00:00,84.0,15,90.0,115.0,True
108,1982_1982227N09140_1982238N10161,1982,8,1982227N09140,FAYE,1982238N10161,GORDON,1982-08-29 06:00:00+00:00,1982-08-31 00:00:00+00:00,42.0,8,1,1982-08-29 06:00:00+00:00,1982-09-03 06:00:00+00:00,120.0,21,70.0,100.0,False
109,1982_1982247N11147_1982248N14133,1982,9,1982247N11147,JUDY,1982248N14133,IRVING,1982-09-06 00:00:00+00:00,1982-09-09 18:00:00+00:00,90.0,16,1,1982-09-06 00:00:00+00:00,1982-09-12 18:00:00+00:00,162.0,28,90.0,90.0,False
110,1983_1983212N06151_1983223N23143,1983,8,1983212N06151,ABBY,1983223N23143,BEN,1983-08-12 06:00:00+00:00,1983-08-15 00:00:00+00:00,66.0,12,1,1983-08-12 06:00:00+00:00,1983-08-15 06:00:00+00:00,72.0,13,125.0,50.0,True
111,1983_1983317N12153_1983321N11111,1983,11,1983317N12153,ORCHID,1983321N11111,PERCY,1983-11-20 12:00:00+00:00,1983-11-23 00:00:00+00:00,60.0,11,1,1983-11-20 12:00:00+00:00,1983-11-24 18:00:00+00:00,102.0,18,125.0,70.0,True
112,1984_1984204N21162_1984207N29135,1984,7,1984204N21162,DINAH,1984207N29135,ED,1984-07-25 18:00:00+00:00,1984-07-28 06:00:00+00:00,60.0,11,1,1984-07-25 18:00:00+00:00,1984-08-01 18:00:00+00:00,168.0,29,125.0,100.0,True
113,1984_1984225N18142_1984227N18118,1984,8,1984225N18142,HOLLY,1984227N18118,GERALD,1984-08-15 18:00:00+00:00,1984-08-20 18:00:00+00:00,120.0,21,1,1984-08-15 18:00:00+00:00,1984-08-21 18:00:00+00:00,144.0,25,75.0,55.0,False
114,1984_1984270N19141_1984270N22147,1984,9,1984270N19141,NINA,1984270N22147,MAURY,1984-09-28 00:00:00+00:00,1984-09-29 18:00:00+00:00,42.0,8,1,1984-09-28 00:00:00+00:00,1984-10-01 00:00:00+00:00,72.0,13,55.0,60.0,False
115,1984_1984291N13130_1984294N04163,1984,10,1984291N13130,WARREN,1984294N04163,VANESSA,1984-10-26 18:00:00+00:00,1984-10-28 18:00:00+00:00,48.0,9,1,1984-10-26 18:00:00+00:00,1984-10-30 06:00:00+00:00,84.0,15,65.0,150.0,True
116,1984_1984313N14154_1984317N04164,1984,11,1984313N14154,BILL,1984317N04164,CLARA,1984-11-17 12:00:00+00:00,1984-11-20 12:00:00+00:00,72.0,13,1,1984-11-17 12:00:00+00:00,1984-11-21 12:00:00+00:00,96.0,17,90.0,110.0,False
117,1985_1985231N16142_1985236N23125,1985,8,1985231N16142,ODESSA,1985236N23125,PAT,1985-08-27 00:00:00+00:00,1985-08-31 18:00:00+00:00,114.0,20,1,1985-08-27 00:00:00+00:00,1985-08-31 18:00:00+00:00,114.0,20,90.0,95.0,False
118,1985_1985231N16142_1985237N21130,1985,8,1985231N16142,ODESSA,1985237N21130,RUBY,1985-08-27 18:00:00+00:00,1985-08-31 06:00:00+00:00,84.0,15,1,1985-08-27 18:00:00+00:00,1985-08-31 06:00:00+00:00,84.0,15,90.0,55.0,False
119,1985_1985236N23125_1985237N21130,1985,8,1985236N23125,PAT,1985237N21130,RUBY,1985-08-27 18:00:00+00:00,1985-08-31 06:00:00+00:00,84.0,15,1,1985-08-27 18:00:00+00:00,1985-08-31 06:00:00+00:00,84.0,15,95.0,55.0,False
120,1986_1986214N09234_1986221N17163,1986,8,1986214N09234,GEORGETTE,1986221N17163,TIP,1986-08-13 06:00:00+00:00,1986-08-15 00:00:00+00:00,42.0,8,1,1986-08-13 06:00:00+00:00,1986-08-16 18:00:00+00:00,84.0,15,50.0,80.0,False
121,1986_1986225N17134_1986228N19120,1986,8,1986225N17134,VERA,1986228N19120,WAYNE,1986-08-23 18:00:00+00:00,1986-08-24 18:00:00+00:00,24.0,5,1,1986-08-23 18:00:00+00:00,1986-08-29 06:00:00+00:00,132.0,23,95.0,65.0,False
122,1987_1987219N08134_1987219N08155,1987,8,1987219N08134,BETTY,1987219N08155,CARY,1987-08-12 18:00:00+00:00,1987-08-14 18:00:00+00:00,48.0,9,1,1987-08-12 18:00:00+00:00,1987-08-17 06:00:00+00:00,108.0,19,115.0,85.0,True
123,1987_1987245N15133_1987247N09150,1987,9,1987245N15133,GERALD,1987247N09150,FREDA,1987-09-05 06:00:00+00:00,1987-09-08 00:00:00+00:00,66.0,12,1,1987-09-05 06:00:00+00:00,1987-09-11 00:00:00+00:00,138.0,24,105.0,125.0,True
124,1987_1987266N16148_1987270N15160,1987,9,1987266N16148,IAN,1987270N15160,JUNE,1987-09-29 06:00:00+00:00,1987-09-30 12:00:00+00:00,30.0,6,1,1987-09-29 06:00:00+00:00,1987-10-02 00:00:00+00:00,66.0,12,65.0,40.0,False
125,1988_1988249N18163_1988255N21159,1988,9,1988249N18163,HAL,1988255N21159,IRMA,1988-09-11 18:00:00+00:00,1988-09-16 00:00:00+00:00,102.0,18,1,1988-09-11 18:00:00+00:00,1988-09-16 06:00:00+00:00,108.0,19,105.0,55.0,False
126,1988_1988242N12215_1988255N21159,1988,9,1988242N12215,ULEKI,1988255N21159,IRMA,1988-09-11 18:00:00+00:00,1988-09-13 06:00:00+00:00,36.0,7,1,1988-09-11 18:00:00+00:00,1988-09-13 06:00:00+00:00,36.0,7,75.0,50.0,False
127,1988_1988249N18163_1988255N15132,1988,9,1988249N18163,HAL,1988255N15132,JEFF,1988-09-14 00:00:00+00:00,1988-09-16 00:00:00+00:00,48.0,9,1,1988-09-14 00:00:00+00:00,1988-09-16 00:00:00+00:00,48.0,9,100.0,45.0,False
128,1988_1988260N15157_1988263N15126,1988,9,1988260N15157,LEE,1988263N15126,KIT,1988-09-21 00:00:00+00:00,1988-09-22 00:00:00+00:00,24.0,5,1,1988-09-21 00:00:00+00:00,1988-09-22 00:00:00+00:00,24.0,5,55.0,60.0,False
129,1989_1989190N20160_1989194N13149,1989,7,1989190N20160,GORDON,1989194N13149,HOPE,1989-07-16 18:00:00+00:00,1989-07-18 18:00:00+00:00,48.0,9,1,1989-07-16 18:00:00+00:00,1989-07-19 00:00:00+00:00,54.0,10,90.0,55.0,False
130,1989_1989216N06159_1989221N10149,1989,8,1989216N06159,OWEN,1989221N10149,NANCY,1989-08-12 12:00:00+00:00,1989-08-16 18:00:00+00:00,102.0,18,1,1989-08-12 12:00:00+00:00,1989-08-18 00:00:00+00:00,132.0,23,75.0,75.0,False
131,1989_1989216N06159_1989227N16145,1989,8,1989216N06159,OWEN,1989227N16145,PEGGY,1989-08-16 12:00:00+00:00,1989-08-17 18:00:00+00:00,30.0,6,1,1989-08-16 12:00:00+00:00,1989-08-19 06:00:00+00:00,66.0,12,65.0,35.0,False
132,1989_1989271N12142_1989271N14168,1989,10,1989271N12142,ANGELA,1989271N14168,COLLEEN,1989-10-02 00:00:00+00:00,1989-10-04 06:00:00+00:00,54.0,10,1,1989-10-02 00:00:00+00:00,1989-10-08 12:00:00+00:00,156.0,27,130.0,80.0,True
133,1990_1990205N16141_1990208N18132,1990,7,1990205N16141,STEVE,1990208N18132,VERNON,1990-07-29 06:00:00+00:00,1990-07-31 12:00:00+00:00,54.0,10,1,1990-07-29 06:00:00+00:00,1990-08-03 12:00:00+00:00,126.0,22,115.0,95.0,True
134,1990_1990208N18132_1990216N29125,1990,8,1990208N18132,VERNON,1990216N29125,WINONA,1990-08-07 06:00:00+00:00,1990-08-08 06:00:00+00:00,24.0,5,1,1990-08-07 06:00:00+00:00,1990-08-09 00:00:00+00:00,42.0,8,40.0,55.0,False
135,1990_1990250N13157_1990251N06171,1990,9,1990250N13157,ED,1990251N06171,FLO,1990-09-13 12:00:00+00:00,1990-09-15 12:00:00+00:00,48.0,9,1,1990-09-13 12:00:00+00:00,1990-09-20 06:00:00+00:00,162.0,28,90.0,145.0,True
136,1991_1991256N14148_1991257N16130,1991,9,1991256N14148,LUKE,1991257N16130,NAT,1991-09-16 12:00:00+00:00,1991-09-18 18:00:00+00:00,54.0,10,1,1991-09-16 12:00:00+00:00,1991-09-19 12:00:00+00:00,72.0,13,50.0,40.0,False
137,1991_1991256N13171_1991257N16130,1991,9,1991256N13171,MIREILLE,1991257N16130,NAT,1991-09-20 18:00:00+00:00,1991-09-26 06:00:00+00:00,132.0,23,1,1991-09-20 18:00:00+00:00,1991-09-27 18:00:00+00:00,168.0,29,130.0,110.0,True
138,1991_1991274N08164_1991274N14149,1991,10,1991274N08164,PAT,1991274N14149,ORCHID,1991-10-09 12:00:00+00:00,1991-10-13 00:00:00+00:00,84.0,15,1,1991-10-09 12:00:00+00:00,1991-10-13 00:00:00+00:00,84.0,15,105.0,90.0,False
139,1991_1991301N08173_1991307N06177,1991,11,1991301N08173,SETH,1991307N06177,VERNE,1991-11-07 12:00:00+00:00,1991-11-11 12:00:00+00:00,96.0,17,1,1991-11-07 12:00:00+00:00,1991-11-12 12:00:00+00:00,120.0,21,115.0,55.0,True
140,1992_1992172N07144_1992174N13126,1992,6,1992172N07144,BOBBIE,1992174N13126,CHUCK,1992-06-25 06:00:00+00:00,1992-06-28 06:00:00+00:00,72.0,13,1,1992-06-25 06:00:00+00:00,1992-07-01 00:00:00+00:00,138.0,24,120.0,80.0,True
141,1992_1992216N06182_1992227N13130,1992,8,1992216N06182,KENT,1992227N13130,LOIS,1992-08-17 00:00:00+00:00,1992-08-19 00:00:00+00:00,48.0,9,1,1992-08-17 00:00:00+00:00,1992-08-20 00:00:00+00:00,72.0,13,55.0,40.0,False
142,1992_1992216N06182_1992227N17112,1992,8,1992216N06182,KENT,1992227N17112,MARK,1992-08-17 12:00:00+00:00,1992-08-19 00:00:00+00:00,36.0,7,1,1992-08-17 12:00:00+00:00,1992-08-20 00:00:00+00:00,60.0,11,55.0,50.0,False
143,1992_1992236N07159_1992242N13166,1992,8,1992236N07159,OMAR,1992242N13166,RYAN,1992-08-31 18:00:00+00:00,1992-09-01 18:00:00+00:00,24.0,5,1,1992-08-31 18:00:00+00:00,1992-09-06 06:00:00+00:00,132.0,23,120.0,110.0,True
144,1992_1992286N12115_1992289N08135,1992,10,1992286N12115,ANGELA,1992289N08135,COLLEEN,1992-10-18 06:00:00+00:00,1992-10-28 12:00:00+00:00,60.0,12,2,1992-10-18 06:00:00+00:00,1992-10-29 12:00:00+00:00,270.0,46,90.0,80.0,False
145,1992_1992289N08135_1992289N09171,1992,10,1992289N08135,COLLEEN,1992289N09171,BRIAN,1992-10-20 06:00:00+00:00,1992-10-24 12:00:00+00:00,102.0,18,1,1992-10-20 06:00:00+00:00,1992-10-25 12:00:00+00:00,126.0,22,80.0,95.0,False
146,1992_1992298N10188_1992302N06150,1992,10,1992298N10188,DAN,1992302N06150,ELSIE,1992-10-30 12:00:00+00:00,1992-11-03 00:00:00+00:00,84.0,15,1,1992-10-30 12:00:00+00:00,1992-11-04 00:00:00+00:00,108.0,19,110.0,125.0,True
147,1993_1993211N07161_1993215N08154,1993,8,1993211N07161,ROBYN,1993215N08154,STEVE,1993-08-07 00:00:00+00:00,1993-08-08 06:00:00+00:00,30.0,6,1,1993-08-07 00:00:00+00:00,1993-08-11 06:00:00+00:00,102.0,18,120.0,65.0,True
148,1993_1993221N12216_1993229N10159,1993,8,1993221N12216,KEONI,1993229N10159,VERNON,1993-08-23 06:00:00+00:00,1993-08-27 18:00:00+00:00,108.0,19,1,1993-08-23 06:00:00+00:00,1993-08-28 12:00:00+00:00,126.0,22,85.0,80.0,False
149,1993_1993270N07153_1993271N14134,1993,10,1993270N07153,ED,1993271N14134,FLO,1993-10-02 00:00:00+00:00,1993-10-09 00:00:00+00:00,168.0,29,1,1993-10-02 00:00:00+00:00,1993-10-09 00:00:00+00:00,168.0,29,140.0,70.0,True
150,1993_1993331N05172_1993336N05164,1993,12,1993331N05172,LOLA,1993336N05164,MANNY,1993-12-05 06:00:00+00:00,1993-12-07 18:00:00+00:00,60.0,11,1,1993-12-05 06:00:00+00:00,1993-12-09 12:00:00+00:00,102.0,18,105.0,120.0,True
151,1994_1994186N09139_1994189N16117,1994,7,1994186N09139,TIM,1994189N16117,VANESSA,1994-07-09 00:00:00+00:00,1994-07-10 12:00:00+00:00,36.0,7,1,1994-07-09 00:00:00+00:00,1994-07-11 06:00:00+00:00,54.0,10,125.0,45.0,True
152,1994_1994192N05139_1994197N14115,1994,7,1994192N05139,WALT,1994197N14115,YUNYA,1994-07-18 06:00:00+00:00,1994-07-20 12:00:00+00:00,54.0,10,1,1994-07-18 06:00:00+00:00,1994-07-21 18:00:00+00:00,84.0,15,130.0,45.0,True
153,1994_1994191N08141_1994192N05139,1994,7,1994191N08141,ZEKE,1994192N05139,WALT,1994-07-19 12:00:00+00:00,1994-07-22 00:00:00+00:00,60.0,11,1,1994-07-19 12:00:00+00:00,1994-07-25 12:00:00+00:00,144.0,25,65.0,130.0,True
154,1994_1994211N12152_1994215N30149,1994,8,1994211N12152,DOUG,1994215N30149,ELLIE,1994-08-11 00:00:00+00:00,1994-08-12 06:00:00+00:00,30.0,6,1,1994-08-11 00:00:00+00:00,1994-08-13 06:00:00+00:00,54.0,10,45.0,80.0,False
155,1994_1994222N11267_1994237N24167,1994,8,1994222N11267,JOHN,1994237N24167,IVY,1994-08-28 12:00:00+00:00,1994-09-02 12:00:00+00:00,120.0,21,1,1994-08-28 12:00:00+00:00,1994-09-04 06:00:00+00:00,162.0,28,105.0,75.0,False
156,1994_1994251N10180_1994257N13139,1994,9,1994251N10180,MELISSA,1994257N13139,NAT,1994-09-15 18:00:00+00:00,1994-09-18 18:00:00+00:00,72.0,13,1,1994-09-15 18:00:00+00:00,1994-09-19 18:00:00+00:00,96.0,17,130.0,45.0,True
157,1994_1994257N13139_1994259N12128,1994,9,1994257N13139,NAT,1994259N12128,ORCHID,1994-09-19 06:00:00+00:00,1994-09-21 12:00:00+00:00,54.0,10,1,1994-09-19 06:00:00+00:00,1994-09-23 00:00:00+00:00,90.0,16,45.0,80.0,False
158,1994_1994263N17170_1994265N16149,1994,9,1994263N17170,PAT,1994265N16149,PAT:RUTH,1994-09-24 18:00:00+00:00,1994-09-26 06:00:00+00:00,36.0,7,1,1994-09-24 18:00:00+00:00,1994-09-26 06:00:00+00:00,36.0,7,80.0,45.0,False
159,1994_1994287N08176_1994287N14156,1994,10,1994287N08176,VERNE,1994287N14156,TERESA,1994-10-17 18:00:00+00:00,1994-10-22 12:00:00+00:00,114.0,20,1,1994-10-17 18:00:00+00:00,1994-10-27 00:00:00+00:00,222.0,38,115.0,80.0,True
160,1994_1994287N08176_1994291N12170,1994,10,1994287N08176,VERNE,1994291N12170,WILDA,1994-10-29 18:00:00+00:00,1994-10-31 18:00:00+00:00,48.0,9,1,1994-10-29 18:00:00+00:00,1994-11-01 18:00:00+00:00,72.0,13,50.0,85.0,False
161,1995_1995233N16115_1995236N10134,1995,8,1995233N16115,LOIS,1995236N10134,KENT,1995-08-26 12:00:00+00:00,1995-08-28 06:00:00+00:00,42.0,8,1,1995-08-26 12:00:00+00:00,1995-08-31 00:00:00+00:00,108.0,19,65.0,130.0,True
162,1995_1995250N09161_1995252N08142,1995,9,1995250N09161,OSCAR,1995252N08142,POLLY,1995-09-14 18:00:00+00:00,1995-09-17 00:00:00+00:00,54.0,10,1,1995-09-14 18:00:00+00:00,1995-09-18 12:00:00+00:00,90.0,16,140.0,90.0,True
163,1995_1995293N05177_1995294N05163,1995,10,1995293N05177,ANGELA,1995294N05163,ZACK,1995-10-26 06:00:00+00:00,1995-10-28 18:00:00+00:00,60.0,11,1,1995-10-26 06:00:00+00:00,1995-11-02 06:00:00+00:00,168.0,29,155.0,120.0,True
164,1996_1996203N12152_1996209N12144,1996,7,1996203N12152,HERB,1996209N12144,IAN,1996-07-28 00:00:00+00:00,1996-07-30 00:00:00+00:00,48.0,9,1,1996-07-28 00:00:00+00:00,1996-08-01 06:00:00+00:00,102.0,18,140.0,40.0,True
165,1996_1996227N15176_1996232N21170,1996,8,1996227N15176,ORSON,1996232N21170,PIPER,1996-08-24 06:00:00+00:00,1996-08-25 18:00:00+00:00,36.0,7,1,1996-08-24 06:00:00+00:00,1996-08-26 18:00:00+00:00,60.0,11,115.0,65.0,True
166,1996_1996252N11162_1996254N13138,1996,9,1996252N11162,TOM,1996254N13138,VIOLET,1996-09-13 12:00:00+00:00,1996-09-15 00:00:00+00:00,36.0,7,1,1996-09-13 12:00:00+00:00,1996-09-22 12:00:00+00:00,216.0,37,75.0,130.0,True
167,1996_1996261N08184_1996268N15140,1996,9,1996261N08184,YATES,1996268N15140,ZANE,1996-09-24 12:00:00+00:00,1996-10-01 12:00:00+00:00,168.0,29,1,1996-09-24 12:00:00+00:00,1996-10-03 12:00:00+00:00,216.0,37,130.0,110.0,True
168,1996_1996307N09154_1996312N14125,1996,11,1996307N09154,DALE,1996312N14125,ERNIE,1996-11-10 00:00:00+00:00,1996-11-12 06:00:00+00:00,54.0,10,1,1996-11-10 00:00:00+00:00,1996-11-14 06:00:00+00:00,102.0,18,140.0,45.0,True
169,1997_1997283N07177_1997284N04179,1997,10,1997283N07177,IVAN,1997284N04179,JOAN,1997-10-19 00:00:00+00:00,1997-10-22 06:00:00+00:00,78.0,14,1,1997-10-19 00:00:00+00:00,1997-10-25 18:00:00+00:00,162.0,28,140.0,145.0,True
170,1998_1998258N19126_1998259N17118,1998,9,1998258N19126,TODD,1998259N17118,VICKI,1998-09-18 18:00:00+00:00,1998-09-20 00:00:00+00:00,30.0,6,1,1998-09-18 18:00:00+00:00,1998-09-20 18:00:00+00:00,48.0,9,65.0,85.0,False
171,1998_1998259N17118_1998262N20137,1998,9,1998259N17118,VICKI,1998262N20137,WALDO,1998-09-20 06:00:00+00:00,1998-09-21 12:00:00+00:00,30.0,6,1,1998-09-20 06:00:00+00:00,1998-09-21 18:00:00+00:00,36.0,7,90.0,45.0,False
172,1998_1998281N11151_1998283N13149,1998,10,1998281N11151,ZEB,1998283N13149,UNNAMED,1998-10-10 06:00:00+00:00,1998-10-11 18:00:00+00:00,36.0,7,1,1998-10-10 06:00:00+00:00,1998-10-12 18:00:00+00:00,60.0,11,125.0,50.0,True
173,1998_1998281N11151_1998285N12149,1998,10,1998281N11151,ZEB,1998285N12149,BABS,1998-10-15 06:00:00+00:00,1998-10-16 18:00:00+00:00,36.0,7,1,1998-10-15 06:00:00+00:00,1998-10-18 12:00:00+00:00,78.0,14,90.0,45.0,False
174,1998_1998342N06141_1998343N08114,1998,12,1998342N06141,FAITH,1998343N08114,GIL,1998-12-11 06:00:00+00:00,1998-12-12 06:00:00+00:00,24.0,5,1,1998-12-11 06:00:00+00:00,1998-12-13 00:00:00+00:00,42.0,8,90.0,35.0,False
175,1999_1999217N11265_1999231N30181,1999,8,1999217N11265,DORA,1999231N30181,TANYA,1999-08-20 00:00:00+00:00,1999-08-21 18:00:00+00:00,42.0,8,1,1999-08-20 00:00:00+00:00,1999-08-24 00:00:00+00:00,96.0,17,60.0,70.0,False
176,2000_2000230N08139_2000232N12116,2000,8,2000230N08139,BILIS,2000232N12116,KAEMI,2000-08-21 12:00:00+00:00,2000-08-22 12:00:00+00:00,24.0,5,1,2000-08-21 12:00:00+00:00,2000-08-23 00:00:00+00:00,36.0,7,140.0,45.0,True
177,2000_2000237N08138_2000240N22115,2000,8,2000237N08138,PRAPIROON,2000240N22115,MARIA,2000-08-28 18:00:00+00:00,2000-08-31 06:00:00+00:00,60.0,11,1,2000-08-28 18:00:00+00:00,2000-09-01 12:00:00+00:00,90.0,16,75.0,55.0,False
178,2000_2000245N14157_2000248N18126,2000,9,2000245N14157,SAOMAI,2000248N18126,BOPHA,2000-09-07 00:00:00+00:00,2000-09-11 06:00:00+00:00,102.0,18,1,2000-09-07 00:00:00+00:00,2000-09-12 00:00:00+00:00,120.0,21,140.0,55.0,True
179,2000_2000248N17117_2000248N18126,2000,9,2000248N17117,WUKONG,2000248N18126,BOPHA,2000-09-08 00:00:00+00:00,2000-09-10 06:00:00+00:00,54.0,10,1,2000-09-08 00:00:00+00:00,2000-09-10 12:00:00+00:00,60.0,11,95.0,55.0,False
180,2000_2000245N14157_2000258N22138,2000,9,2000245N14157,SAOMAI,2000258N22138,SONAMU,2000-09-14 18:00:00+00:00,2000-09-16 00:00:00+00:00,30.0,6,1,2000-09-14 18:00:00+00:00,2000-09-16 06:00:00+00:00,36.0,7,85.0,65.0,False
181,2001_2001238N16139_2001238N18162,2001,8,2001238N16139,WUTIP,2001238N18162,SEPAT,2001-08-28 18:00:00+00:00,2001-08-30 00:00:00+00:00,30.0,6,1,2001-08-28 18:00:00+00:00,2001-08-30 12:00:00+00:00,42.0,8,130.0,45.0,True
182,2001_2001246N19156_2001248N23125,2001,9,2001246N19156,DANAS,2001248N23125,NARI,2001-09-07 12:00:00+00:00,2001-09-11 06:00:00+00:00,90.0,16,1,2001-09-07 12:00:00+00:00,2001-09-12 00:00:00+00:00,108.0,19,105.0,100.0,False
183,2002_2002178N04155_2002189N21116,2002,7,2002178N04155,CHATAAN,2002189N21116,NAKRI,2002-07-08 18:00:00+00:00,2002-07-10 00:00:00+00:00,30.0,6,1,2002-07-08 18:00:00+00:00,2002-07-10 18:00:00+00:00,48.0,9,120.0,40.0,True
184,2002_2002187N11160_2002189N21116,2002,7,2002187N11160,HALONG,2002189N21116,NAKRI,2002-07-11 18:00:00+00:00,2002-07-13 00:00:00+00:00,30.0,6,1,2002-07-11 18:00:00+00:00,2002-07-13 12:00:00+00:00,42.0,8,135.0,40.0,True
185,2002_2002195N11172_2002200N21150,2002,7,2002195N11172,FENGSHEN,2002200N21150,FUNG-WONG,2002-07-22 00:00:00+00:00,2002-07-26 18:00:00+00:00,114.0,20,1,2002-07-22 00:00:00+00:00,2002-07-27 06:00:00+00:00,126.0,22,140.0,65.0,True
186,2003_2003196N05150_2003196N11137,2003,7,2003196N05150,IMBUDO,2003196N11137,KONI,2003-07-21 06:00:00+00:00,2003-07-22 18:00:00+00:00,36.0,7,1,2003-07-21 06:00:00+00:00,2003-07-22 18:00:00+00:00,36.0,7,125.0,60.0,True
187,2003_2003290N15132_2003291N17147,2003,10,2003290N15132,KETSANA,2003291N17147,PARMA,2003-10-21 00:00:00+00:00,2003-10-22 12:00:00+00:00,36.0,7,1,2003-10-21 00:00:00+00:00,2003-10-26 12:00:00+00:00,132.0,23,125.0,130.0,True
188,2004_2004134N07132_2004136N05148,2004,5,2004134N07132,NIDA,2004136N05148,OMAIS,2004-05-18 06:00:00+00:00,2004-05-20 18:00:00+00:00,60.0,11,1,2004-05-18 06:00:00+00:00,2004-05-21 06:00:00+00:00,72.0,13,125.0,60.0,True
189,2004_2004156N16117_2004158N07142,2004,6,2004156N16117,CONSON,2004158N07142,CHANTHU,2004-06-09 00:00:00+00:00,2004-06-10 00:00:00+00:00,24.0,5,1,2004-06-09 00:00:00+00:00,2004-06-11 06:00:00+00:00,54.0,10,100.0,50.0,False
190,2004_2004239N11171_2004248N14156,2004,9,2004239N11171,SONGDA,2004248N14156,SARIKA,2004-09-06 12:00:00+00:00,2004-09-07 12:00:00+00:00,24.0,5,1,2004-09-06 12:00:00+00:00,2004-09-08 00:00:00+00:00,36.0,7,90.0,60.0,False
191,2005_2005229N21156_2005230N20144,2005,8,2005229N21156,GUCHOL,2005230N20144,MAWAR,2005-08-20 12:00:00+00:00,2005-08-24 06:00:00+00:00,90.0,16,1,2005-08-20 12:00:00+00:00,2005-08-25 00:00:00+00:00,108.0,19,65.0,125.0,True
192,2006_2006216N07151_2006216N21152,2006,8,2006216N07151,SAOMAI,2006216N21152,MARIA,2006-08-06 00:00:00+00:00,2006-08-09 00:00:00+00:00,72.0,13,1,2006-08-06 00:00:00+00:00,2006-08-10 18:00:00+00:00,114.0,20,140.0,60.0,True
193,2006_2006216N21152_2006217N20134,2006,8,2006216N21152,MARIA,2006217N20134,BOPHA,2006-08-06 06:00:00+00:00,2006-08-08 06:00:00+00:00,48.0,9,1,2006-08-06 06:00:00+00:00,2006-08-10 18:00:00+00:00,108.0,19,60.0,55.0,False
194,2006_2006216N07151_2006217N20134,2006,8,2006216N07151,SAOMAI,2006217N20134,BOPHA,2006-08-06 06:00:00+00:00,2006-08-09 12:00:00+00:00,78.0,14,1,2006-08-06 06:00:00+00:00,2006-08-11 00:00:00+00:00,114.0,20,140.0,55.0,True
195,2006_2006224N21141_2006225N17126,2006,8,2006224N21141,WUKONG,2006225N17126,SONAMU,2006-08-14 06:00:00+00:00,2006-08-15 18:00:00+00:00,36.0,7,1,2006-08-14 06:00:00+00:00,2006-08-16 12:00:00+00:00,54.0,10,50.0,45.0,False
196,2007_2007254N18140_2007257N16134,2007,9,2007254N18140,NARI,2007257N16134,WIPHA,2007-09-16 00:00:00+00:00,2007-09-17 00:00:00+00:00,24.0,5,1,2007-09-16 00:00:00+00:00,2007-09-17 00:00:00+00:00,24.0,5,85.0,75.0,False
197,2007_2007323N09128_2007324N10140,2007,11,2007323N09128,HAGIBIS,2007324N10140,MITAG,2007-11-22 06:00:00+00:00,2007-11-25 18:00:00+00:00,84.0,15,1,2007-11-22 06:00:00+00:00,2007-11-27 12:00:00+00:00,126.0,22,80.0,95.0,False
198,2009_2009270N10148_2009272N07164,2009,10,2009270N10148,PARMA,2009272N07164,MELOR,2009-10-05 00:00:00+00:00,2009-10-07 06:00:00+00:00,54.0,10,1,2009-10-05 00:00:00+00:00,2009-10-09 00:00:00+00:00,96.0,17,55.0,140.0,True
199,2010_2010239N15118_2010240N15142,2010,8,2010239N15118,LIONROCK,2010240N15142,KOMPASU,2010-08-29 18:00:00+00:00,2010-09-02 00:00:00+00:00,78.0,14,1,2010-08-29 18:00:00+00:00,2010-09-03 06:00:00+00:00,108.0,19,60.0,105.0,False
200,2010_2010239N15118_2010241N25125,2010,8,2010239N15118,LIONROCK,2010241N25125,NAMTHEUN,2010-08-30 12:00:00+00:00,2010-08-31 12:00:00+00:00,24.0,5,1,2010-08-30 12:00:00+00:00,2010-08-31 18:00:00+00:00,30.0,6,60.0,40.0,False
201,2010_2010240N15142_2010241N25125,2010,8,2010240N15142,KOMPASU,2010241N25125,NAMTHEUN,2010-08-30 12:00:00+00:00,2010-08-31 12:00:00+00:00,24.0,5,1,2010-08-30 12:00:00+00:00,2010-08-31 18:00:00+00:00,30.0,6,100.0,40.0,False
202,2011_2011253N20145_2011257N19154,2011,9,2011253N20145,ROKE,2011257N19154,SONCA,2011-09-17 00:00:00+00:00,2011-09-19 06:00:00+00:00,54.0,10,1,2011-09-17 00:00:00+00:00,2011-09-20 18:00:00+00:00,90.0,16,115.0,90.0,True
203,2012_2012209N11131_2012209N25149,2012,7,2012209N11131,SAOLA,2012209N25149,DAMREY,2012-07-31 06:00:00+00:00,2012-08-03 00:00:00+00:00,66.0,12,1,2012-07-31 06:00:00+00:00,2012-08-03 00:00:00+00:00,66.0,12,90.0,80.0,False
204,2012_2012230N21126_2012232N13141,2012,8,2012230N21126,TEMBIN,2012232N13141,BOLAVEN,2012-08-20 06:00:00+00:00,2012-08-28 18:00:00+00:00,204.0,35,1,2012-08-20 06:00:00+00:00,2012-08-29 00:00:00+00:00,210.0,36,120.0,125.0,True
205,2012_2012263N15141_2012267N16141,2012,9,2012263N15141,JELAWAT,2012267N16141,EWINIAR,2012-09-24 18:00:00+00:00,2012-09-26 00:00:00+00:00,30.0,6,1,2012-09-24 18:00:00+00:00,2012-09-30 06:00:00+00:00,132.0,23,140.0,55.0,True
206,2012_2012279N15145_2012287N16147,2012,10,2012279N15145,PRAPIROON,2012287N16147,MARIA,2012-10-14 12:00:00+00:00,2012-10-17 12:00:00+00:00,72.0,13,1,2012-10-14 12:00:00+00:00,2012-10-19 06:00:00+00:00,114.0,20,75.0,55.0,False
207,2013_2013272N10135_2013274N18152,2013,10,2013272N10135,FITOW,2013274N18152,DANAS,2013-10-04 12:00:00+00:00,2013-10-06 18:00:00+00:00,54.0,10,1,2013-10-04 12:00:00+00:00,2013-10-07 00:00:00+00:00,60.0,11,90.0,120.0,True
208,2013_2013289N14149_2013292N09162,2013,10,2013289N14149,FRANCISCO,2013292N09162,LEKIMA,2013-10-24 06:00:00+00:00,2013-10-26 00:00:00+00:00,42.0,8,1,2013-10-24 06:00:00+00:00,2013-10-26 00:00:00+00:00,42.0,8,60.0,130.0,True
209,2015_2015180N09160_2015183N13130,2015,7,2015180N09160,CHAN-HOM,2015183N13130,LINFA,2015-07-07 12:00:00+00:00,2015-07-09 18:00:00+00:00,54.0,10,1,2015-07-07 12:00:00+00:00,2015-07-09 18:00:00+00:00,54.0,10,115.0,75.0,True
210,2015_2015226N12151_2015226N15164,2015,8,2015226N12151,GONI,2015226N15164,ATSANI,2015-08-15 00:00:00+00:00,2015-08-16 12:00:00+00:00,36.0,7,1,2015-08-15 00:00:00+00:00,2015-08-25 06:00:00+00:00,246.0,42,120.0,140.0,True
211,2016_2016230N15138_2016230N25160,2016,8,2016230N15138,MINDULLE,2016230N25160,LIONROCK,2016-08-18 06:00:00+00:00,2016-08-22 18:00:00+00:00,108.0,19,1,2016-08-18 06:00:00+00:00,2016-08-23 06:00:00+00:00,120.0,21,65.0,55.0,False
212,2016_2016253N13144_2016256N12146,2016,9,2016253N13144,MERANTI,2016256N12146,MALAKAS,2016-09-12 00:00:00+00:00,2016-09-15 06:00:00+00:00,78.0,14,1,2016-09-12 00:00:00+00:00,2016-09-15 12:00:00+00:00,84.0,15,170.0,90.0,True
213,2017_2017200N26162_2017201N23178,2017,7,2017200N26162,NORU,2017201N23178,KULAP,2017-07-22 06:00:00+00:00,2017-07-25 06:00:00+00:00,72.0,13,1,2017-07-22 06:00:00+00:00,2017-07-28 00:00:00+00:00,138.0,24,90.0,50.0,False
214,2017_2017206N13129_2017209N19118,2017,7,2017206N13129,NESAT,2017209N19118,HAITANG,2017-07-28 18:00:00+00:00,2017-07-30 06:00:00+00:00,36.0,7,1,2017-07-28 18:00:00+00:00,2017-07-30 12:00:00+00:00,42.0,8,85.0,40.0,False
215,2017_2017252N14147_2017253N14130,2017,9,2017252N14147,TALIM,2017253N14130,DOKSURI,2017-09-12 12:00:00+00:00,2017-09-14 00:00:00+00:00,36.0,7,1,2017-09-12 12:00:00+00:00,2017-09-16 00:00:00+00:00,84.0,15,120.0,95.0,True
216,2018_2018227N11145_2018229N11160,2018,8,2018227N11145,SOULIK,2018229N11160,CIMARON,2018-08-19 00:00:00+00:00,2018-08-24 12:00:00+00:00,132.0,23,1,2018-08-19 00:00:00+00:00,2018-08-24 12:00:00+00:00,132.0,23,105.0,115.0,True
217,2019_2019213N17155_2019214N15134,2019,8,2019213N17155,FRANCISCO,2019214N15134,LEKIMA,2019-08-04 12:00:00+00:00,2019-08-06 12:00:00+00:00,48.0,9,1,2019-08-04 12:00:00+00:00,2019-08-08 06:00:00+00:00,90.0,16,80.0,130.0,True
218,2019_2019214N15134_2019216N16147,2019,8,2019214N15134,LEKIMA,2019216N16147,KROSA,2019-08-06 00:00:00+00:00,2019-08-08 18:00:00+00:00,66.0,12,1,2019-08-06 00:00:00+00:00,2019-08-11 18:00:00+00:00,138.0,24,135.0,100.0,True
219,2020_2020299N11144_2020303N05149,2020,11,2020299N11144,GONI,2020303N05149,ATSANI,2020-11-02 12:00:00+00:00,2020-11-03 18:00:00+00:00,30.0,6,1,2020-11-02 12:00:00+00:00,2020-11-06 06:00:00+00:00,90.0,16,40.0,50.0,False
220,2021_2021214N21110_2021215N24124,2021,8,2021214N21110,LUPIT,2021215N24124,MIRINAE,2021-08-06 18:00:00+00:00,2021-08-10 00:00:00+00:00,78.0,14,1,2021-08-06 18:00:00+00:00,2021-08-10 00:00:00+00:00,78.0,14,40.0,55.0,False
221,2021_2021248N11131_2021248N12141,2021,9,2021248N11131,CONSON,2021248N12141,CHANTHU,2021-09-06 12:00:00+00:00,2021-09-12 00:00:00+00:00,132.0,23,1,2021-09-06 12:00:00+00:00,2021-09-13 12:00:00+00:00,168.0,29,60.0,155.0,True
222,2023_2023234N18128_2023239N18144,2023,8,2023234N18128,SAOLA,2023239N18144,HAIKUI,2023-08-28 18:00:00+00:00,2023-09-02 12:00:00+00:00,114.0,20,1,2023-08-28 18:00:00+00:00,2023-09-03 12:00:00+00:00,138.0,24,140.0,105.0,True
